adelardo santos cañellas,56535091
eusebia laguna rueda,10073945
herminia ramirez,78875729
eugenio fabregat-cid,14284483
virginia martinez iniesta,70376507
jimena bravo montes,52339461
alejandro mulet,50405629
ester peña roman,21390259
juan carlos rodríguez chaparro,28259925
manuela paredes-fuente,64923374
josefa navarro miró,72960308
fabián alejo iglesia alfaro,24360150
estrella mendizábal sobrino,70207955
santos manzanares cañete,54904556
santiago pineda manzano,45768412
montserrat avilés becerra,63137431
anna padilla piñeiro,68432409
gervasio noé zaragoza mateu,62443651
hernando padilla hierro,24130897
maría fernanda galván-pujadas,91657829
maría carmen marí clemente,21792523
josé del bosch,17322032
marcos diez aragón,22559594
bernardino cueto prats,89243760
delfina salas cortés,52772476
olivia mosquera,87882887
prudencio benito somoza,63034022
geraldo del lerma,46155278
andrés jesús viña guillen,19852578
benjamín del anglada,21470717
judith estefanía amador gomez,14185267
charo de navarrete,60885042
basilio villa zamorano,82202463
ibán briones sancho,67541687
dimas beltrán cordero,98329934
caridad ema juan serna,72323947
virginia verdejo cózar,71155377
norberto portillo tolosa,33281488
pelayo rico zapata,41819707
magdalena escrivá,99615219
pánfilo ruiz gallego,17843730
yolanda luz huertas,32285421
zacarías vendrell-azcona,96466992
sabina echeverría polo,31206745
apolonia roselló hervia,27786575
maximiliano calleja,45117941
guiomar escolano saldaña,96495647
viviana coll juliá,29701111
olimpia briones sarabia,80899936
agapito del portillo,52579161
eustaquio del cerdán,61345979
gabriela urrutia pedro,41750924
che lucio gordillo baeza,93153491
wálter américo rodrigo ferreras,90085732
juan luis colomer abellán,84961378
felicidad castro cuesta,45120215
natalia reyes ávila morata,76635288
maría fernanda quero ortuño,71027212
matías villar,89765204
aitor agustí tejera,79440015
aristides de mate,36356355
albino kike garriga alcalá,26440596
remigio gelabert carnero,96290500
simón blanca jover,47368468
belén gutierrez segarra,62852746
damián zamora molina,73286070
dominga olivares blanco,43907330
sol mora carpio,30249153
felisa adora cortés paniagua,86670167
leoncio bartolomé jiménez,45981882
jordán pou-rios,78127910
paloma neira vázquez,45222637
haroldo goicoechea tejera,58488901
amor cortés valbuena,60054058
candelaria saldaña bustamante,92103243
rafaela tomas,15837671
adalberto pardo valenzuela,35952385
reina neira abril,61750495
amador leocadio sainz donaire,87597240
vito conesa ramis,79141410
nicodemo del molina,49950821
juan pablo luz-gracia,31063178
cintia calvo-vendrell,63319953
aníbal aragón piñeiro,36738736
baldomero vega navarrete,57768955
ambrosio egea-palmer,83284023
maría jesús de guillén,71683318
bárbara granados,23707711
cristian de silva,89560793
remedios iñiguez beltrán,82640561
juan bautista jaume luque,32462557
águeda de torralba,22039146
coral elisabet vila cañizares,96408800
febe duran campos,67383924
yéssica bienvenida piña moreno,56043237
dan aguiló blanco,94822465
sabas trujillo,66898695
sergio larrea villegas,88781872
juan bautista arrieta,95632448
emma del bermejo,91042258
ángel téllez burgos,93457107
tere fábregas ríos,61911925
josé méndez-huguet,81825841
claudio blasco esteban,51518805
emperatriz jara roca,60688216
dorotea del espada,61113896
fabiola rocamora,72606038
maría luisa sosa tamarit,80787647
raquel llobet coll,72440117
timoteo danilo ochoa torrent,37217761
juliana arias albero,11456911
donato estevez granados,48829579
vinicio gordillo cano,25391097
milagros cáceres losa,16002755
belén ricarda quesada prats,48225462
salvador pozo valencia,18358422
jovita florentina pons montserrat,75087779
lourdes rocamora-segarra,59705583
nélida fajardo álvaro,85011943
aníbal román pelayo,16181357
adoración casanovas,88543674
ana sofía valentín montaña,74637776
maría pilar soria,71555203
fabián botella pol,65737918
jose ramón sanchez conde,19673431
che agullo casado,59299474
albina angelita luna nicolás,14346107
armida cazorla aguirre,82673265
eugenio conesa camps,42210836
josé luis alba soto,91939816
gisela de segovia,22117303
susanita cámara flores,52425859
che barba,28677213
tito canals ferrera,73726077
juan antonio barceló cabrera,47529145
octavia alegria gordillo,23801906
victor pizarro-ferrández,93428530
natividad pedraza arteaga,69517074
herminio calixto prada azorin,30698955
melisa sáez peñas,22560599
melisa miranda,97120100
raquel conde acero,39801139
obdulia castells,40453908
aurelio feijoo,61977923
gilberto cuervo llamas,58409133
alicia atienza amo,73241978
filomena jódar marcos,48233122
odalys del lago,63988868
herminio pavón guijarro,87271621
almudena sacristán osuna,49880287
manuel néstor peral donoso,17100029
elba mendoza,25553757
nico portero,40615897
angelino lucas vazquez aragonés,30171995
mar del cózar,90953536
adelina iglesias ballesteros,68030230
silvestre neira trujillo,89744151
apolinar de prada,94570465
octavia clara borja falcón,22975134
alfredo tormo roig,20886161
camilo primitivo ayuso abad,35660955
nilo ropero caballero,12009342
mónica lorena guillén guerrero,15453362
berta de cid,93521166
joaquina de corbacho,85588658
toribio millán,46027403
adelardo cuenca bernat,83665211
apolonia blanco rubio,66204350
plácido pujadas boix,26106637
cristóbal galán donaire,67882264
baldomero gallardo,68298726
jennifer sandra acuña barros,11846089
alejo mesa garmendia,52633410
adrián de arnau,80633578
eufemia gallardo lladó,16293305
severo elías marco barba,40478397
reyes de aguilar,97254187
macaria escobar escalona,67242471
eligio alemany figuerola,38942333
javier julián fabregat bernal,43725556
piedad merche jove carbajo,73594110
teodosio nico ayuso bartolomé,29086093
juanito sanmartín,18832574
fabiola aguilera adán,26555688
emiliano burgos pacheco,21555654
odalis manrique aguirre,47493273
bartolomé torres,45508222
pía borja peralta,86812306
custodia segovia-miralles,67711676
francisco castell lloret,52765720
fabio onofre alcaraz zamorano,29509700
eutropio ochoa bayona,99215890
maximiliano vila rosell,14022903
jaime carrillo sedano,52260204
leocadia jara cerdá,78696594
osvaldo omar meléndez bolaños,89626474
carmela de soto,51114426
bernabé valero pascual,91721538
aníbal moreno granados,81377050
jose antonio calderón molins,95614672
prudencio agustí-rubio,65824254
fernando rodríguez pedro,44769851
onofre tomas tejedor,80573438
pascuala giner valenciano,66140943
teodoro pastor fernández solé,73154240
joan esparza botella,64650531
fátima vizcaíno villalobos,93975691
loreto españa pol,79260255
saturnino aguado almazán,60587187
benjamín fausto agullo arias,13986752
florencia rebeca blanco rojas,60085940
graciano rafael llanos escolano,56829330
samuel marcos-crespo,98076265
tomasa zabaleta flores,19233111
jose ramón blanch zamora,13370269
ciriaco arnaiz tena,14896395
begoña azucena ferrán malo,91204305
césar jove tenorio,45813901
febe luna,88230481
merche díez roldan,37887087
modesta cal,23988339
adalberto higueras pina,53842037
jenny escudero meléndez,34083041
melania jordán gallart,53178117
nando bermúdez-sáez,88232815
duilio cabo-campos,21347155
anacleto pelayo-manzano,97751343
prudencia de vera,40799146
alejo cuéllar uría,79300938
ignacia expósito donaire,78366688
juana mamen piñol silva,86451989
cecilio pastor sáenz,79614169
ignacio julián manjón,82185377
felipe llabrés infante,11681552
luz pulido marí,88286633
eloísa viviana pina ribera,96352659
bernarda francisca romeu daza,81109973
ana arco samper,23443533
julie lorenzo amo,27991838
ezequiel rios milla,75510570
teodosio jódar barrios,66568927
marcela piñeiro-moraleda,65201862
celestino amador valenciano,70978332
victor valera sarmiento,15567946
elpidio muro niño,51593850
olimpia alcaraz,59220401
marcela gallo villalobos,16230631
isidora evita prieto tovar,42899683
encarnita balaguer uribe,32844589
emilia estevez-carpio,14302982
angelita graciana simó benavides,84445930
violeta saldaña,77141993
espiridión del barros,33654886
cebrián iglesia zorrilla,81667189
julio césar sabater campo,13956414
iván jaime morell cortés,89883599
arturo gomila espejo,67562011
lucio larrea juan,47947744
chelo reyna quintana collado,67931256
marisa prats santamaria,46740895
chuy muro lago,39185970
rubén teófilo blasco castilla,41628548
gregorio del roma,36955892
gil burgos-cazorla,93309551
odalys godoy galán,84494497
eufemia del mascaró,25216172
eloísa gallego-arco,10819897
felix jaén suárez,45930435
montserrat valls andres,39545360
rico cantero duque,29348812
primitivo del segura,21489717
paulina goñi palma,79821170
josé llorente jordán,48485478
isidoro mayoral,51723218
maría plinio torrecilla salinas,64993498
manuelita garcía llopis,70678362
rufina benito nebot,22611693
bienvenida sabater-nevado,64861700
gil ros cantero,79966199
feliciano jódar martinez,63700353
jose ignacio pavón-ramirez,41112637
silvia casares coello,42037298
salvador falcón-olivé,83218263
eufemia ribera-amador,91010280
miguel ángel del malo,15841069
zaira orozco serra,91591072
juan francisco escamilla torrent,28236926
guillermo almansa-nadal,12597074
maribel de ramos,24898985
carla cabeza mir,43381522
plácido garcia barberá,65550693
luís sancho sevillano,94089700
moisés casas palomino,68764512
tecla ballester acevedo,97792465
salvador lino páez rodriguez,37831245
felipe arnal-llamas,42706877
alba manuel garriga,90607161
martín josé mari cánovas rueda,79535404
bárbara pinilla agustí,93801777
pía madrid lobato,90679343
rosendo zapata ripoll,43102443
áfrica puga herranz,85117156
úrsula hervás,84674119
belén carballo pizarro,69193946
tatiana maría fernanda caparrós revilla,25546709
tatiana olmo amorós,16259831
saturnina francisco jover,62582944
rosalía benítez vilalta,37841456
nazaret garzón cardona,31894549
demetrio bonet marqués,40774831
alejandro alcázar blanca,73095736
ovidio erasmo goñi perez,11319753
mohamed de galindo,25409361
amancio campillo falcó,92296306
felipa villegas,66192089
felipe casals gascón,85168281
bernardita guijarro campillo,45150243
amor fiol luján,58407459
montserrat guardiola torrents,77052750
ismael puig mancebo,81017706
lourdes olivé carlos,79998839
petrona iglesias santana,85424767
angelita armengol font,49973930
dafne acero torre,89142785
quique serra lucas,70841096
hector españa-zurita,58466935
matías ribera palma,70480428
carla mireia bilbao milla,57807603
abilio amores-lobato,15213486
atilio barrios bello,65997025
armando font saavedra,42317118
renata prats puga,76334284
ariel vallejo salmerón,72434297
noemí portero portero,24642931
crescencia escamilla carpio,84425928
eliana goñi catalán,55950880
hilario alarcón-ferrández,69442128
alfredo barroso calvo,88078052
buenaventura blasco tejero,30504407
lupe andreu,41790032
asdrubal amílcar guardia valle,33919887
fernanda florina casanovas zabaleta,79991910
berta de arana,89091320
guadalupe del francisco,12195056
olegario rincón gilabert,75093225
josé maría aznar-morell,19188943
edelmira gómez-gaya,93991157
joel morante bautista,40152767
sara múñiz murcia,93001004
moreno macias galindo,23526097
obdulia armida cuéllar tomás,45333926
teresita salmerón,86704146
emigdio sans alberdi,44429166
primitivo porta morante,53165677
maxi de quintana,38237645
alfredo evaristo salazar reig,28442430
maricela pino garay,25145990
cruz millán sala,49792922
isa de palomo,51166642
alfonso julio césar reyes gordillo,50980038
ruperta arana,66711368
lidia rey montoya,23865593
josé mari castilla casal,10323415
santiago lillo luz,16380816
adelardo escribano rius,63632716
gabriel solís amor,47301479
belen enríquez vilalta,36221540
josefina monreal baeza,43230118
carmela ángel sanjuan,30789203
francisco jose fuentes raya,62038491
goyo jerónimo sevilla alvarado,70044789
eladio tena palau,57133157
áfrica herrera pombo,62899928
berto bautista comas,74538504
asdrubal cabanillas cabrera,62014445
rubén de alcaraz,55653929
curro toledo losada,24775272
silvia cobos sancho,26300905
cesar baeza olivera,16877710
esther ramón iglesia,53919769
rolando de ángel,16253200
jesús mercader pino,45786033
lázaro rivera lillo,59932989
elías del santamaria,65529434
ana sofía áfrica perales rocha,14900890
narciso goicoechea romeu,30575007
amparo gallego alonso,35773641
cruz ramis requena,88057922
jenaro castells,88580862
che gonzalez estrada,40670645
mohamed calatayud poza,50946709
florina ropero-casal,57719144
tito de peñas,52999614
nydia maría luisa iborra agustí,26772312
juanito viana espinosa,52878589
ignacia benavides-espada,14793926
angelita mateu recio,66919745
carmen anguita,52883209
emilio palau company,75451880
josé ángel montesinos-bosch,41947122
quique sosa casares,42976265
pánfilo reyes fabregat,88173580
ainara sáez-fabra,57503810
leonor alberdi ledesma,62213444
natalia marín cazorla,18321811
elisa maza villa,97332322
plácido prado boada,32578810
tadeo carbó benavides,25365737
renato castrillo robledo,57581174
valerio sedano martinez,59398545
ezequiel marin roman,75621002
morena bonilla villalba,11397186
américo amorós-suarez,50979066
rosalía malo,95517412
dorotea del santamaría,63585194
amado ojeda iriarte,64849360
curro lasa pallarès,60615736
alejo quintana-riera,81325536
petrona de lobato,70048994
jordán roig guerra,56704231
ale simó,39036059
guillermo sales,91654279
tristán borja codina,80293000
tristán perez cardona,62433492
malena de antón,35279080
lupita bastida arnal,69098693
bernardino del gomila,77264612
jesusa muñoz-agullo,32933341
cornelio trillo canales,56589986
coral mayol lloret,60425275
venceslás mur pareja,94076254
albano lillo,80497322
valerio baena-redondo,72754706
gisela manu rico doménech,26795846
teo bautista vaquero,30731208
maristela leal-campoy,86824204
pacífica crespi gimenez,19535982
teo carretero,10676686
gisela estevez carbajo,64966890
aurelio de millán,56760345
eugenia carbó segovia,36507695
fito borrego yuste,28091596
obdulia recio barranco,38018947
severo figueroa serra,96185647
carla micaela lago sastre,74708807
marisa esther tejera bello,22686134
adrián cueto-moliner,13187039
maximiliano de santos,50671111
isidoro de feijoo,34239737
marisol boix mayoral,63190625
leandro palomino-león,58798977
maría del carmen nogueira álvarez,84302970
anacleto llorente santamaría,66143943
iris de fabra,26119962
edmundo arnal-pacheco,91955050
vinicio bautista alcántara,87115237
pepita pedraza,60766681
rosendo solsona-escobar,99974784
isaías villena,89542695
bernardita nicolasa iriarte prado,93542988
santos vilaplana,31324658
salomé maza cañete,62773001
antonio estrada palomino,89400631
pastora palacios figuerola,95695821
chus rosselló,84696514
rolando niño teruel,77361786
jacinto seguí,58404805
juan josé bueno-alarcón,91456368
teófila dionisia ramis garrido,81538169
víctor jordán badía amigó,87519755
fernanda de paredes,99610306
tere valverde grau,17287853
vicenta ramona valderrama céspedes,36243136
juanito bosch catalán,63539131
vito cáceres,68183276
espiridión alcolea,98586623
teófila mar pomares abril,90313370
jeremías de carlos,29009417
maría luisa tudela franch,48075037
david del ribes,43809150
bárbara múñiz,37761617
aura pera chamorro,81922843
evelia gomis huerta,89430223
margarita izquierdo bolaños,46430688
amor ruiz camacho,31391397
primitiva martí,60568596
rosalía garzón delgado,44054858
abril suárez-rosell,52651185
jordi rico madrid,30961582
benita benavente madrigal,12736167
eugenio huguet heras,24322696
faustino zapata,47121153
marisa cases macias,33266296
noelia sáez mosquera,73539542
julio césar de bernad,22094078
diego paniagua silva,84450336
juanita solís carnero,79115636
alberto fabricio gomila cerdán,77478935
soraya de priego,47935319
lisandro josé luis mur román,60697165
julio baena-mínguez,69868550
samanta castillo llorente,33405679
anastasio de barros,78482130
nydia del múñiz,59070520
mariano cerdán almagro,66097874
lara carnero almeida,35870746
mauricio gárate,19609644
yéssica porras aranda,59524616
alicia cobo bermúdez,87931607
curro barreda galvez,18278673
liliana marin jaén,50778983
carmela montserrat aranda,77613485
visitación tudela villaverde,69385417
carlota agustí asenjo,17738854
amelia pedraza uribe,15591404
flor solera gonzalo,49450771
primitiva carbonell,65385458
evaristo pareja ojeda,56544774
modesto leoncio abad ramírez,45115152
josé luis hernández,73104131
ulises de ribas,45478798
hipólito santos herranz salmerón,51782332
teófila laguna palmer,24279578
teresita del tomé,67536398
rubén de goñi,96608266
corona casanovas conde,95021784
macarena azahar aragón atienza,55790356
roque montalbán martorell,94210576
jose miguel lázaro font plaza,85337047
martina emma téllez pineda,75565467
ricarda corominas marti,87267711
tania álamo somoza,87402090
juan carlos del porras,46272546
sancho de galindo,17016268
mónica bibiana martí esparza,78669043
lope ortuño padilla,98920058
cintia carpio santamaria,22650854
maricela blanes marquez,52996246
celia bello-cañas,70973755
eloísa del morcillo,68627407
valeria doménech ríos,87352610
óscar eladio clavero lozano,29826366
elisabet cuesta-guerra,85173458
cruz roselló lastra,42594704
alberto querol navarrete,20900718
palmira ibáñez cortés,75845366
angelina company salvador,50954862
onofre corral,85935698
feliciana vázquez sanabria,94394343
manu higueras mateo,12958719
basilio soriano fonseca,20402356
fernanda jenny francisco blázquez,42324827
ángeles sacristán oliva,33276724
ibán macias viñas,17690505
efraín rodríguez olmedo,67177496
lidia solana-sans,84224280
brígida del cano,70364442
aureliano baquero trillo,69609325
brígida hernando,22426750
elena llabrés-villalonga,48652411
roberto nevado-querol,47649461
calisto albano casanovas rodríguez,14714969
trinidad esteban vidal barco,57706454
maximiliano salvà-ramírez,57369345
chus ferrer jimenez,91563228
fidel elpidio casares saldaña,62986126
dafne montenegro benet,76561299
rafa ribes chamorro,34679964
estrella elorza ayala,96792625
jose ignacio rodrigo díaz,79814579
valentín torrens,41842739
eliana calleja alberdi,95770836
maxi gustavo checa lillo,32835715
adelina meléndez lastra,24557470
rufino rebollo urrutia,67449084
dolores alonso,28319238
maría manuela flor alfonso aller,74911048
tomasa badía-miguel,54897356
dorotea aguirre pomares,66649460
herminia ugarte godoy,91004152
emma tamayo moliner,35003691
urbano palmer manrique,16861495
bárbara peralta salcedo,29821550
seve de jerez,98687840
reyna adán noguera,31580098
casemiro rodrigo sierra,44827707
fito taboada ruiz,88700438
cirino dueñas vara,10293420
áurea tolosa-vélez,78786903
mercedes castañeda suárez,59581870
jose ferrán-solera,15175421
claudia del vélez,14465776
marino benjamín esteve estévez,60321873
rocío roma lobo,51379457
dorotea toledo lumbreras,15702954
amado diaz tenorio,14194464
juan manuel castejón duran,36291949
isaac gonzalez atienza,64601105
belen adela pallarès prado,27334568
cesar nieto villa,82986688
horacio román-marin,92576225
omar de blasco,64481391
aitor benet vidal,83253784
lázaro suárez aliaga,26276989
norberto sarmiento guillén,58936511
eloy de pomares,48575753
agapito pujol mascaró,88269575
bautista del alfaro,82102075
octavio villalobos mulet,45927089
amaya bello santos,71802441
paz angulo moraleda,97922835
liliana peñalver casanovas,52457782
ignacia acevedo estrada,32449313
ricarda lorena armengol madrigal,73453358
ágata yáñez gordillo,51114401
josué de andrade,20494034
ciriaco del villanueva,32010876
galo olmo bermúdez,87507901
remigio carreras-bartolomé,14055520
águeda uriarte riquelme,45579016
paulino castillo huerta,84931035
rufina manjón,65245364
lina vicente miralles,68845143
mariana manrique roman,33860067
luis miguel del duran,74677868
nidia saura herrera,72872677
amparo carpio calderon,12666094
marco garzón menéndez,78454989
román ferrán larrañaga,80128285
gerónimo vilalta collado,22842439
carmen tamayo luís,45383825
narciso bello vila,50625759
severino uría,86620806
jessica gual aragonés,57521546
toribio escolano bernad,85935703
wálter hierro,86777466
lucila roberta salcedo blázquez,12932888
bibiana noriega luna,83500187
eleuterio capdevila saura,95106064
leonor ros céspedes,93640920
emiliano tur matas,81737534
magdalena iglesia,10279144
amancio del mas,19447242
gastón hervás luz,22613476
victoriano beltrán carreño,53554732
fabiola villalba,80929339
benito cuadrado malo,91101753
dalila ramirez-castejón,34918874
maría cristina barranco bermejo,51491314
nacio tejero murcia,98650481
araceli aramburu borja,80927823
ale itziar villegas tudela,36345059
miguela valenciano,64414254
victoria morillo arnal,30188117
flora oliveras manrique,13994857
noelia polo rodrigo,63760155
filomena del plaza,66672407
petrona sola villalobos,56498912
tito heriberto girona toro,16599223
brunilda vendrell-arteaga,95202358
ana bautista,89296462
rafa olmo cobos,54929998
victoria torre bonilla,31360400
rocío de galván,98969814
paula ordóñez ibáñez,84217840
cosme domingo landa,34020774
josefa corominas hernando,81718249
saturnina segovia,93012002
casemiro sola trillo,90721657
jerónimo peral estévez,10144635
joel gargallo cazorla,49768110
herberto peinado navarro,89250634
gabino amador alcalá,23298818
elba serrano-frutos,89913812
carolina naranjo gabaldón,39035605
guadalupe valcárcel portero,38526900
olga rodríguez quirós,43597506
máximo ochoa galiano,96384291
azahara miró moreno,15028612
jorge bello cañizares,13966364
pastora romero-guerra,38977356
nerea de falcón,42405011
sofía fajardo vendrell,88485027
pastora checa,50166562
adelia marí carrión,13715456
amor del posada,90734508
blas catalán sosa,86966462
chuy beltrán,32696353
regina de silva,61694879
jimena verdugo iriarte,94822275
rosalva sanz landa,20517891
noemí caparrós alsina,93294906
rené ayala gomez,61149483
albert alegria-ayllón,49969571
fabián delgado vendrell,90291251
filomena daza montalbán,51391043
celia morán luna,29701368
sandalio pont español,55974068
narcisa duran moya,38632687
rosalinda balaguer-maestre,88714659
leonel pedrero-menendez,13194108
selena carranza conde,44279304
ileana noriega santana,56116785
candelario de montesinos,89548322
maría dolores ortega ródenas,75435427
melania milla armas,55323301
adelia ruiz vilanova,17012819
evaristo de saura,15490466
nicolás escobar narváez,87292978
damián caballero antúnez,52457734
alfonso fidel garzón quintero,16580034
constanza duarte valdés,17761738
modesto infante barón,36093562
candelaria eloísa naranjo llorens,48366244
prudencio andres-azorin,13939823
pepita cerro,46748238
beatriz cuadrado andres,53743075
evelia agudo peñas,74490772
nélida contreras,45550595
primitivo álamo tomé,80518923
obdulia jaén montes,81339275
heriberto sebastian canales grande,95645776
tristán aznar-feliu,55835312
ana belén cobo bauzà,42317262
marcos heras gallego,50508047
yaiza perera mayoral,83210937
benito ortega,49228323
fidel manrique riera,71245260
teresa del coronado,84576472
elías del casanova,57938080
nadia alba carranza sánchez,53819947
pili barragán aranda,47189489
vera guillén,37169718
leticia eliana riera herranz,15014091
maría dolores priego botella,66150188
osvaldo echeverría-alberto,63563092
felisa cuéllar bello,78830255
rosenda valero rey,86541023
bonifacio de echeverría,72764320
manu sebastián carballo,30067658
haroldo carvajal fuster,28354120
domitila verdugo arce,42215879
ciro calatayud cornejo,86603585
ana del neira,47561128
josé antonio ferrer benitez,73517209
humberto de fábregas,89761002
efraín sevilla ramis,36802972
octavia lastra méndez,57852884
tere serna,20140593
vera del hervia,40964652
aura ferrández-infante,75684637
gerardo almagro guillén,90262658
zaira andrés-lledó,26290680
samu huerta,92735849
lázaro aragonés casado,64133708
ulises bilbao isern,27150808
ruperto gálvez tudela,33945795
jose ramón álvaro bernat,85024568
david macias azorin,71926800
victor manuel novoa ariza,70661673
pepita castrillo roldán,57949674
magdalena izaguirre ramirez,85639731
chelo guerrero,76653858
carlota vera corbacho sobrino,15735501
clara jordán rodríguez,34946602
marcelo ernesto goñi valcárcel,39901330
modesto ríos-zorrilla,99235773
emilia estévez-valentín,85068458
leocadio mayol berrocal,25032622
cirino segovia moreno,34057255
cristian jiménez andreu,19694076
rosaura sanchez-vargas,58024017
jose manuel rivero vergara,50978015
tomás flor tejedor,12806824
marta martínez,39584209
jose antonio buendía niño,12875267
arturo zabaleta-díaz,25851731
eduardo higueras ballesteros,41633506
rosalina guillen,26123051
graciano tejera molina,50956923
rosenda rius,24542620
viviana ayuso toledo,60177873
julia gallart-gilabert,10537081
maricruz mármol duran,89895672
yéssica crespi osorio,53672141
amaro montserrat cid,27187270
bernarda hernandez pozuelo,51600366
concepción heredia arévalo,22872869
haroldo sabater aroca,59352730
aura quero-valero,21301804
ruth sureda,60386070
bonifacio ciriaco jimenez cerezo,10590018
samanta frutos-ojeda,66331541
juan carlos exposito echevarría,94160845
paulino de tomé,25887951
samu delgado zabaleta,18822095
ariel aguirre galindo,90578052
olalla bárcena enríquez,73789263
rufino valdés pintor,68579251
cristina de paredes,13931829
josé mari del barón,12432684
ramona garay botella,93192144
apolinar bartolomé egea,92265474
chucho arnau cases,24040357
alicia castañeda porta,12902260
áurea roman cuadrado,78481640
filomena marquez echeverría,10429676
venceslás bonet-lasa,40183891
anastasio cózar vaquero,59881726
natalio arnaiz domingo,19641390
paulina soraya castells pera,99160440
león asenjo losa,29847647
eloísa ferreras vicente,95032164
aura del sandoval,54128064
mariana barriga,67158433
carla losada capdevila,71443566
segismundo iglesias beltran,11950341
artemio aristides céspedes pozuelo,97828025
leandro de valle,40820401
alejo pastor estrada,18475788
luciano paulino barco guillén,30589767
venceslás ribes-herrera,65485042
albina garrido-téllez,26025314
josefa bárcena camino,81593410
balduino amo-calvet,98619285
valeria fajardo tormo,94393075
natividad soler salmerón,46554554
bruno ropero,10406393
porfirio aguilera cuéllar,10221833
flora barbero,73176222
candela blanco cano,34698853
jose manuel saldaña cazorla,71356532
diego grau rocha,20403987
quique cardona chaparro,58939191
evangelina montesinos,16502903
mercedes del mateo,66094603
ricardo del carreras,65425135
gervasio hervás jover,92181606
lupita romeu,96451796
maría teresa ibañez abella,63363401
godofredo espada soria,81179139
mireia de sala,76554165
amor álvarez morell,16336465
chuy benet elías,90183901
amando calzada,21052652
regina de fernández,36050329
antonio samper,42240195
áfrica criado,47771709
vicenta benavides,59461293
emperatriz lumbreras nebot,60400653
trini pellicer león,24160885
heliodoro de otero,10751465
rodolfo felix novoa ropero,79089690
dominga aguilera isern,44817708
edmundo orozco bonilla,16039301
leocadio cortés gallart,39887234
trini de egea,88461411
constanza arranz escrivá,76001655
magdalena barral,56861430
guadalupe gras-nogués,42280497
ale baena rojas,84556656
hermenegildo lasa belmonte,35491572
silvestre canales beltrán,52712321
florinda nadal vara,20248057
marcial figuerola aragón,45588740
victor manuel pareja,61321718
genoveva blanca diego rosado,78753452
edgardo águila amores,97124560
malena ochoa canet,67844441
maría belén ponce paredes,83171079
ceferino del millán,12126234
che camino,99926326
etelvina lucila belmonte aliaga,11152126
javiera hervás,81371095
constanza piña amor,87551686
germán torrijos domínguez,18039674
clotilde de agustí,12463145
luciano onofre jover exposito,33603442
sandra alberola cabrero,68796777
danilo glauco gargallo cobos,41451161
nicolasa gálvez-saura,17311185
adriana quirós paredes,76086228
consuela gual mata,24490511
leandra benet lópez,90934406
paco gerónimo manuel pons,67938841
amparo bermudez alvarez,27741604
inés pelayo balaguer,88986683
saturnina mas belda,88884187
catalina tamara téllez bárcena,66589885
alonso torre díaz,59053330
adán del velázquez,15429221
amaya orozco blazquez,48446729
gloria sastre,63507612
fortunato calleja méndez,21943531
renata del cuervo,93366525
prudencia del sastre,51053072
edelmira quirós,27400526
pascual ros ibañez,84798768
martin de guillén,77123936
nélida oller,97625113
maría manuela carretero-matas,97102213
sol tello borrás,12167096
carmina gil-merino,16590347
reina boada,40101747
domitila de campillo,44972359
narciso izquierdo-benavent,72610724
pablo padilla tapia,64175604
iván barberá sanmiguel,38172673
marino cáceres guillen,99536795
maría belén doménech salgado,22102143
arturo trujillo suarez,73915403
lázaro hernandez crespi,76777918
santos iglesia luz,45593948
macarena villena martí,19139216
juan luis molins salgado,27145841
rafael haro salazar,52602966
angelita galván-camacho,63745007
matilde bou goicoechea,12473274
victor manuel pou sanjuan,94125355
irene luís arnau,49179923
maría del carmen mónica gabaldón posada,78317979
jerónimo julián corbacho,88072392
nidia donaire artigas,59795549
hipólito figuerola benavides,55523018
maricruz del alegria,86462320
samuel escrivá marquez,66164542
martina uribe jurado,32520664
rosa bayona durán,89017794
imelda canet manjón,71903249
julián ambrosio nebot huguet,50459933
sofía segovia iglesia,10919040
nuria ropero-giner,35950825
juan pablo de garrido,37524401
elvira torrens,97970205
loreto serafina mora feliu,35119101
angelita eva barreda chamorro,86713746
enrique santana marin,17783132
plácido pla saez,18987501
ligia ferrando rodríguez,45422769
palmira urrutia cerdán,93156457
melania serra-garay,33757943
marcela abril-piquer,29830274
valerio valls-bolaños,34203999
tiburcio soria esteve,70916537
carmina vazquez-larrea,64873162
íngrid ugarte caballero,10440013
reyes asensio acevedo,13218120
leonardo ordóñez,16901292
zoraida pons,91062353
nico azorin espinosa,11738113
quique pagès soler,93021150
adora pinilla alcalde,64937696
belén del armas,80159965
lázaro clemente álvaro,46757015
iker mayol durán,78635136
tatiana egea estrada,78875205
sofía cabeza mata,75842113
adela escolano arellano,77612649
octavia corominas carranza,44325023
azeneth de gallardo,95307189
teresa del costa,22944026
rodolfo poza-mendizábal,69737767
miguel ángel río gómez,69339809
omar buenaventura méndez córdoba,71225998
vito palacio cabañas,59822445
danilo meléndez,15860982
luis ángel raya galán,18047737
claudia bernal grande,27915195
máxima de llopis,57780706
carmelo abascal casals,84119374
prudencio palomares,45822802
juan francisco maestre-pintor,30539869
cruz aller blanco,33220120
amalia de atienza,59758098
anita falcó-agustí,11812151
manu echeverría ugarte,26772986
glauco hilario jaume gallego,78606657
diana blanch-aller,79697170
faustino moles,39622684
dominga alonso castañeda,26505592
chus suárez maza,71613000
chus de benavides,25084514
andrés felipe moles fajardo,55816175
tomás ríos,26473489
vasco amo ruano,61369680
marcio lumbreras aliaga,53166042
prudencio hoz quintero,70594215
américo peralta villegas,15484064
severo morata losada,43809467
nazaret cantero gutiérrez,61939303
margarita alondra franch quintana,25114160
maura boix-gámez,44609721
nazario carballo tovar,88422562
sebastián tamayo,43141115
perla del tena,58319791
susanita sanabria abella,65403165
ariel rocha carbajo,31449647
maristela grau requena,75915657
cloe redondo,47595246
rebeca de uribe,49569488